{

    "rollen": {
        "supportteam": "973981527920750622",
        "member": "973981235556786216",
        "muted": "973981683613335594"
    },
    "kanalen": {
        "algemeen": "973985452061233192",
        "suggesties": "974996567427780688",
        "bugs": "974996609404383242",
        "server": "974996796822667304",
        "ticketaanmaken": "973985921248677888"
    },
    "logs": {
        "moderatielogs": "974768584880443472",
        "serverlogs": "974768416047128656",
        "ticketlogs": "974768617570848810",
        "scheldwoordenlogs": "974768694754430986"

    },
    "categorie": {
        "tickets": "973984232231809094"
    }

}